epoch,train_loss,val_loss
1,0.16719589239059418,0.06193124263716692
2,0.10944842865380149,0.057037894148379564
3,0.10782336460097748,0.06425509779629382
4,0.10579982709011757,0.05994124932807277
5,0.10587168460273567,0.06387164293449711
