epoch,train_loss,val_loss
1,0.14755627247834885,0.11051241573322257
2,0.1184357498794442,0.10991147615938285
3,0.11711954051174048,0.11249808179334216
4,0.1178304874704872,0.11070468046898962
5,0.11779454310138629,0.11010000337803856
